URL,Last crawled
https://backend.bengkelwiguna.com/technology/,2026-06-13
https://bengkelwiguna.com/team,2026-06-13
https://backend.bengkelwiguna.com/services/spooring-balancing/,2026-06-13
https://backend.bengkelwiguna.com/wp-content/themes/twentytwentyfive/*,2026-06-12
https://backend.bengkelwiguna.com/wp-json/jet-tabs-api/v1/elementor-template,2026-06-11
https://bengkelwiguna.com/bengkel-wiguna-depok/?nocache=1774643427&jet_blog_ajax=1,2026-06-08
https://bengkelwiguna.com/penyebab-setir-mobil-goyang-dan-solusi-akurat-menggunakan-kyoto-shaking-machine/?nocache=1777000453&jet_blog_ajax=1,2026-06-08
https://bengkelwiguna.com/spesialis-mesin-terdekat-tanpa-bongkar-berlebihan/?nocache=1775135397&jet_blog_ajax=1,2026-06-08
https://bengkelwiguna.com/penyebab-kaki-kaki-mobil-bunyi-gluduk/?nocache=1777076893&jet_blog_ajax=1,2026-06-08
https://bengkelwiguna.com/rekomendasi-bengkel-kaki-kaki-terdekat-di-depok/?nocache=1780180876&jet_blog_ajax=1,2026-06-08
https://bengkelwiguna.com/ganti-ban-mobil-terdekat/?nocache=1780247272&jet_blog_ajax=1,2026-06-08
https://bengkelwiguna.com/wp-content/smush-avif/2025/05/stinger-swez2.jpg.avif,2026-06-07
https://bengkelwiguna.com/spesialis-mesin-terdekat-tanpa-bongkar-berlebihan/?nocache=1780305263&jet_blog_ajax=1,2026-06-07
https://bengkelwiguna.com/home/,2026-06-07
https://bengkelwiguna.com/bengkel-mobil-depok-jujur/?nocache=1776288179&jet_blog_ajax=1,2026-06-06
https://bengkelwiguna.com/suspensi-mobil-terasa-keras-bukan-cuma-shock-lho/?nocache=1780300208&jet_blog_ajax=1,2026-06-06
https://bengkelwiguna.com/servis-mobil-matic-depok/?nocache=1780225211&jet_blog_ajax=1,2026-06-06
https://bengkelwiguna.com/servis-berkala-mobil-depok-cegah-kerusakan-besar-mobil-anda/?nocache=1776537448&jet_blog_ajax=1,2026-06-06
https://bengkelwiguna.com/business/?nocache=1776579439&jet_blog_ajax=1,2026-06-06
https://bengkelwiguna.com/ban-kaki-kaki/?nocache=1776659618&jet_blog_ajax=1,2026-06-06
https://backend.bengkelwiguna.com/wp-content/themes/fixlab/*,2026-06-04
https://backend.bengkelwiguna.com/services/aki-dan-kelistrikan/,2026-06-02
https://backend.bengkelwiguna.com/services/servis-rem-dan-roda/,2026-06-02
https://backend.bengkelwiguna.com/services/perawatan-berkala-2/,2026-06-02
https://backend.bengkelwiguna.com/*,2026-06-02
https://bengkelwiguna.com/our-team/,2026-05-15
https://bengkelwiguna.com/product-category/body/wing-mirror/,2026-05-08
https://promo.bengkelwiguna.com/wp-*.php,2026-04-09
https://api.bengkelwiguna.com/upgrade-plan/1,2026-03-18
https://bengkelwiguna.com/shop/page/4/?make=Volvo,2026-03-15
https://bengkelwiguna.com/expert-solutions-for-your-various-automotive-problems/,2026-03-14
https://bengkelwiguna.com/product-tag/wheels/,2026-03-11
https://bengkelwiguna.com/product/ridex-191b0036-steering-rack-gaiter/,2026-03-08
https://api.bengkelwiguna.com/,2026-03-07
https://bengkelwiguna.com/product-category/body/?make=Volvo,2026-03-07
https://promo.bengkelwiguna.com/*,2026-02-26
https://promo.bengkelwiguna.com/wp-content/uploads/*,2026-02-23
https://bengkelwiguna.com/product-category/belts-chains-rollers/poly-v-belt/,2026-02-20
https://bengkelwiguna.com/product/original-imperium-35042-mounting-manual-transmission-for-audi-a4/,2026-02-17
https://v2.bengkelwiguna.com/bengkel-wiguna-shaking-machine/,2026-02-12
https://v2.bengkelwiguna.com/Layanan/ac-mobil/,2026-02-10
https://v2.bengkelwiguna.com/wp-content/plugins/ajax-search-for-woocommerce/assets/img/,2026-02-09
https://v2.bengkelwiguna.com/ban-mobil-sering-kempes-cek-kebocoran-halus-di-sini/?nocache=1767864699&jet_blog_ajax=1,2026-02-09
https://v2.bengkelwiguna.com/rem-mobil-bunyi-ini-penyebab-solusinya/?nocache=1765797848&jet_blog_ajax=1,2026-02-08
https://bengkelwiguna.com/product/16-pontiac-grand-prix/,2026-02-03
https://v2.bengkelwiguna.com/servis-mobil-matic-depok/,2026-02-03
https://v2.bengkelwiguna.com/shop/,2026-02-02
https://v2.bengkelwiguna.com/wp-content/*,2026-01-20
https://bengkelwiguna.com/mileage/0/page/4/,2026-01-07
https://bengkelwiguna.com/our-services/,2026-01-07